{
  "annotations": {
    "list": []
  },
  "description": "Platform integrity dashboard for telemetry quality and alarm handling.",
  "editable": true,
  "graphTooltip": 1,
  "id": null,
  "links": [],
  "panels": [
    {
      "collapsed": false,
      "gridPos": {
        "h": 1,
        "w": 24,
        "x": 0,
        "y": 0
      },
      "id": 100,
      "title": "Main View",
      "type": "row"
    },
    {
      "datasource": {
        "type": "postgres",
        "uid": "timescaledb"
      },
      "fieldConfig": {
        "defaults": {
          "color": {
            "mode": "thresholds"
          },
          "thresholds": {
            "mode": "absolute",
            "steps": [
              {
                "color": "red",
                "value": null
              },
              {
                "color": "yellow",
                "value": 55
              },
              {
                "color": "green",
                "value": 73
              }
            ]
          },
          "unit": "short"
        },
        "overrides": []
      },
      "gridPos": {
        "h": 5,
        "w": 6,
        "x": 0,
        "y": 1
      },
      "id": 1,
      "options": {
        "colorMode": "value",
        "graphMode": "none",
        "reduceOptions": {
          "calcs": [
            "lastNotNull"
          ],
          "fields": "",
          "values": false
        }
      },
      "targets": [
        {
          "format": "table",
          "rawSql": "SELECT COUNT(DISTINCT sensor_name) AS value FROM telemetry WHERE vessel_id = '$vessel' AND timestamp > NOW() - INTERVAL '5 minutes'",
          "refId": "A"
        }
      ],
      "title": "Sensor Coverage (last 5m)",
      "type": "stat"
    },
    {
      "datasource": {
        "type": "postgres",
        "uid": "timescaledb"
      },
      "fieldConfig": {
        "defaults": {
          "color": {
            "mode": "thresholds"
          },
          "thresholds": {
            "mode": "absolute",
            "steps": [
              {
                "color": "green",
                "value": null
              },
              {
                "color": "yellow",
                "value": 15
              },
              {
                "color": "red",
                "value": 30
              }
            ]
          },
          "unit": "suffix:s"
        },
        "overrides": []
      },
      "gridPos": {
        "h": 5,
        "w": 6,
        "x": 6,
        "y": 1
      },
      "id": 2,
      "options": {
        "colorMode": "value",
        "graphMode": "none",
        "reduceOptions": {
          "calcs": [
            "lastNotNull"
          ],
          "fields": "",
          "values": false
        }
      },
      "targets": [
        {
          "format": "table",
          "rawSql": "SELECT EXTRACT(EPOCH FROM (NOW() - MAX(timestamp))) AS value FROM telemetry WHERE vessel_id = '$vessel'",
          "refId": "A"
        }
      ],
      "title": "Data Freshness",
      "type": "stat"
    },
    {
      "datasource": {
        "type": "postgres",
        "uid": "timescaledb"
      },
      "fieldConfig": {
        "defaults": {
          "color": {
            "mode": "palette-classic"
          },
          "custom": {
            "fillOpacity": 80,
            "lineWidth": 1
          },
          "unit": "short"
        },
        "overrides": []
      },
      "gridPos": {
        "h": 5,
        "w": 12,
        "x": 12,
        "y": 1
      },
      "id": 3,
      "options": {
        "legend": {
          "displayMode": "list",
          "placement": "bottom"
        },
        "tooltip": {
          "mode": "single"
        }
      },
      "targets": [
        {
          "format": "time_series",
          "rawSql": "SELECT time_bucket('1 hour', timestamp) AS \"time\", COUNT(*) AS events FROM events WHERE vessel_id = '$vessel' AND timestamp > NOW() - INTERVAL '24 hours' GROUP BY 1 ORDER BY 1",
          "refId": "A"
        }
      ],
      "title": "Event Rate (per hour, 24h)",
      "type": "barchart"
    },
    {
      "datasource": {
        "type": "postgres",
        "uid": "timescaledb"
      },
      "fieldConfig": {
        "defaults": {
          "custom": {
            "displayMode": "auto"
          }
        },
        "overrides": [
          {
            "matcher": {
              "id": "byName",
              "options": "severity"
            },
            "properties": [
              {
                "id": "mappings",
                "value": [
                  {
                    "options": {
                      "critical": {
                        "color": "red",
                        "text": "critical"
                      },
                      "info": {
                        "color": "green",
                        "text": "info"
                      },
                      "warning": {
                        "color": "orange",
                        "text": "warning"
                      }
                    },
                    "type": "value"
                  }
                ]
              },
              {
                "id": "custom.displayMode",
                "value": "color-background"
              }
            ]
          },
          {
            "matcher": {
              "id": "byName",
              "options": "id"
            },
            "properties": [
              {
                "id": "links",
                "value": [
                  {
                    "title": "Analyze",
                    "url": "http://localhost:8000/api/v1/analyze/${__value.raw}",
                    "targetBlank": true
                  },
                  {
                    "title": "Acknowledge",
                    "url": "http://localhost:8000/api/v1/events/${__value.raw}/acknowledge?operator=grafana",
                    "targetBlank": true
                  }
                ]
              }
            ]
          }
        ]
      },
      "gridPos": {
        "h": 8,
        "w": 12,
        "x": 0,
        "y": 6
      },
      "id": 4,
      "options": {
        "showHeader": true
      },
      "targets": [
        {
          "format": "table",
          "rawSql": "SELECT id, timestamp, vessel_id, sensor_name, event_type, severity, details FROM events WHERE vessel_id = '$vessel' AND acknowledged = FALSE ORDER BY timestamp DESC LIMIT 25",
          "refId": "A"
        }
      ],
      "title": "Unacknowledged Alarms",
      "type": "table"
    },
    {
      "datasource": {
        "type": "postgres",
        "uid": "timescaledb"
      },
      "fieldConfig": {
        "defaults": {
          "custom": {
            "displayMode": "auto"
          }
        },
        "overrides": [
          {
            "matcher": {
              "id": "byName",
              "options": "analysis_text"
            },
            "properties": [
              {
                "id": "custom.width",
                "value": 500
              }
            ]
          }
        ]
      },
      "gridPos": {
        "h": 8,
        "w": 12,
        "x": 12,
        "y": 6
      },
      "id": 5,
      "options": {
        "showHeader": true
      },
      "targets": [
        {
          "format": "table",
          "rawSql": "SELECT a.id, a.timestamp, a.event_id, e.sensor_name, e.event_type, e.severity, a.status, a.confidence, a.model_used, a.analysis_text, a.suggested_actions FROM ai_analyses a JOIN events e ON a.event_id = e.id WHERE e.vessel_id = '$vessel' ORDER BY a.timestamp DESC LIMIT 5",
          "refId": "A"
        }
      ],
      "title": "Latest AI Analyses",
      "type": "table"
    },
    {
      "collapsed": true,
      "gridPos": {
        "h": 1,
        "w": 24,
        "x": 0,
        "y": 14
      },
      "id": 200,
      "panels": [
        {
          "datasource": {
            "type": "postgres",
            "uid": "timescaledb"
          },
          "fieldConfig": {
            "defaults": {
              "custom": {
                "displayMode": "auto"
              }
            },
            "overrides": [
              {
                "matcher": {
                  "id": "byName",
                  "options": "staleness_seconds"
                },
                "properties": [
                  {
                    "id": "unit",
                    "value": "suffix:s"
                  },
                  {
                    "id": "thresholds",
                    "value": {
                      "mode": "absolute",
                      "steps": [
                        {
                          "color": "green",
                          "value": null
                        },
                        {
                          "color": "yellow",
                          "value": 10
                        },
                        {
                          "color": "red",
                          "value": 30
                        }
                      ]
                    }
                  },
                  {
                    "id": "custom.displayMode",
                    "value": "color-background"
                  }
                ]
              }
            ]
          },
          "gridPos": {
            "h": 10,
            "w": 24,
            "x": 0,
            "y": 0
          },
          "id": 201,
          "options": {
            "showHeader": true
          },
          "targets": [
            {
              "format": "table",
              "rawSql": "SELECT sensor_name, MAX(timestamp) AS last_seen, EXTRACT(EPOCH FROM (NOW() - MAX(timestamp))) AS staleness_seconds FROM telemetry WHERE vessel_id = '$vessel' GROUP BY sensor_name ORDER BY staleness_seconds DESC",
              "refId": "A"
            }
          ],
          "title": "Per-Sensor Freshness",
          "type": "table"
        }
      ],
      "title": "Detail: Per-Sensor Freshness",
      "type": "row"
    },
    {
      "collapsed": true,
      "gridPos": {
        "h": 1,
        "w": 24,
        "x": 0,
        "y": 15
      },
      "id": 300,
      "panels": [
        {
          "datasource": {
            "type": "postgres",
            "uid": "timescaledb"
          },
          "fieldConfig": {
            "defaults": {
              "color": {
                "mode": "thresholds"
              },
              "custom": {
                "fillOpacity": 80,
                "lineWidth": 1
              },
              "thresholds": {
                "mode": "absolute",
                "steps": [
                  {
                    "color": "red",
                    "value": null
                  },
                  {
                    "color": "yellow",
                    "value": 60
                  },
                  {
                    "color": "green",
                    "value": 73
                  }
                ]
              },
              "unit": "short"
            },
            "overrides": []
          },
          "gridPos": {
            "h": 8,
            "w": 24,
            "x": 0,
            "y": 0
          },
          "id": 301,
          "options": {
            "legend": {
              "displayMode": "list",
              "placement": "bottom"
            },
            "tooltip": {
              "mode": "single"
            }
          },
          "targets": [
            {
              "format": "time_series",
              "rawSql": "SELECT time_bucket('1 minute', timestamp) AS \"time\", COUNT(DISTINCT sensor_name) AS sensors_seen FROM telemetry WHERE vessel_id = '$vessel' AND timestamp > NOW() - INTERVAL '1 hour' GROUP BY 1 ORDER BY 1",
              "refId": "A"
            }
          ],
          "title": "Gap Detection (expected >= 73 sensors/minute)",
          "type": "barchart"
        }
      ],
      "title": "Detail: Gap Detection",
      "type": "row"
    },
    {
      "collapsed": true,
      "gridPos": {
        "h": 1,
        "w": 24,
        "x": 0,
        "y": 16
      },
      "id": 400,
      "panels": [
        {
          "datasource": {
            "type": "postgres",
            "uid": "timescaledb"
          },
          "fieldConfig": {
            "defaults": {
              "custom": {
                "displayMode": "auto"
              }
            },
            "overrides": [
              {
                "matcher": {
                  "id": "byName",
                  "options": "severity"
                },
                "properties": [
                  {
                    "id": "mappings",
                    "value": [
                      {
                        "options": {
                          "critical": {
                            "color": "red",
                            "text": "critical"
                          },
                          "info": {
                            "color": "green",
                            "text": "info"
                          },
                          "warning": {
                            "color": "orange",
                            "text": "warning"
                          }
                        },
                        "type": "value"
                      }
                    ]
                  },
                  {
                    "id": "custom.displayMode",
                    "value": "color-background"
                  }
                ]
              },
              {
                "matcher": {
                  "id": "byName",
                  "options": "id"
                },
                "properties": [
                  {
                    "id": "links",
                    "value": [
                      {
                        "title": "Analyze",
                        "url": "http://localhost:8000/api/v1/analyze/${__value.raw}",
                        "targetBlank": true
                      },
                      {
                        "title": "Acknowledge",
                        "url": "http://localhost:8000/api/v1/events/${__value.raw}/acknowledge?operator=grafana",
                        "targetBlank": true
                      }
                    ]
                  }
                ]
              }
            ]
          },
          "gridPos": {
            "h": 10,
            "w": 24,
            "x": 0,
            "y": 0
          },
          "id": 401,
          "options": {
            "showHeader": true
          },
          "targets": [
            {
              "format": "table",
              "rawSql": "SELECT id, timestamp, vessel_id, sensor_name, event_type, severity, acknowledged, details FROM events WHERE vessel_id = '$vessel' AND timestamp > NOW() - INTERVAL '24 hours' ORDER BY timestamp DESC",
              "refId": "A"
            }
          ],
          "title": "All Alarm States (24h)",
          "type": "table"
        }
      ],
      "title": "Detail: All Alarm States",
      "type": "row"
    }
  ],
  "refresh": "10s",
  "schemaVersion": 39,
  "style": "dark",
  "tags": [
    "maritime",
    "data-quality",
    "agentic-observability"
  ],
  "templating": {
    "list": [
      {
        "current": {
          "selected": true,
          "text": "vessel_001",
          "value": "vessel_001"
        },
        "datasource": {
          "type": "postgres",
          "uid": "timescaledb"
        },
        "definition": "SELECT DISTINCT vessel_id FROM telemetry ORDER BY vessel_id",
        "description": "Filter panels by vessel id",
        "hide": 0,
        "includeAll": false,
        "label": "Vessel",
        "multi": false,
        "name": "vessel",
        "options": [],
        "query": "SELECT DISTINCT vessel_id FROM telemetry ORDER BY vessel_id",
        "refresh": 2,
        "regex": "",
        "skipUrlSync": false,
        "sort": 1,
        "type": "query"
      }
    ]
  },
  "time": {
    "from": "now-24h",
    "to": "now"
  },
  "timepicker": {},
  "timezone": "browser",
  "title": "Data Quality",
  "uid": "maritime_data_quality",
  "version": 2
}
