{
  "annotations": {
    "list": []
  },
  "description": "Operational dashboard for vessel health, alarms and AI analysis.",
  "editable": true,
  "graphTooltip": 1,
  "id": null,
  "links": [],
  "panels": [
    {
      "collapsed": false,
      "gridPos": {
        "h": 1,
        "w": 24,
        "x": 0,
        "y": 0
      },
      "id": 100,
      "title": "Main View",
      "type": "row"
    },
    {
      "datasource": {
        "type": "postgres",
        "uid": "timescaledb"
      },
      "fieldConfig": {
        "defaults": {
          "color": {
            "mode": "palette-classic"
          },
          "custom": {
            "fillOpacity": 10,
            "lineWidth": 2
          },
          "unit": "suffix:rpm"
        },
        "overrides": []
      },
      "gridPos": {
        "h": 7,
        "w": 12,
        "x": 0,
        "y": 1
      },
      "id": 1,
      "options": {
        "legend": {
          "displayMode": "list",
          "placement": "bottom"
        },
        "tooltip": {
          "mode": "multi"
        }
      },
      "targets": [
        {
          "format": "time_series",
          "rawSql": "SELECT timestamp AS \"time\", sensor_name AS metric, value FROM telemetry WHERE vessel_id = '$vessel' AND sensor_name IN ('dg1_engine_speed','dg2_engine_speed','dg3_engine_speed','dg4_engine_speed','dg5_engine_speed') AND $__timeFilter(timestamp) ORDER BY timestamp",
          "refId": "A"
        }
      ],
      "title": "DG Engine Speeds",
      "type": "timeseries"
    },
    {
      "datasource": {
        "type": "postgres",
        "uid": "timescaledb"
      },
      "fieldConfig": {
        "defaults": {
          "color": {
            "mode": "palette-classic"
          },
          "custom": {
            "fillOpacity": 10,
            "lineWidth": 2
          },
          "unit": "suffix:MW"
        },
        "overrides": []
      },
      "gridPos": {
        "h": 7,
        "w": 12,
        "x": 12,
        "y": 1
      },
      "id": 2,
      "options": {
        "legend": {
          "displayMode": "list",
          "placement": "bottom"
        },
        "tooltip": {
          "mode": "multi"
        }
      },
      "targets": [
        {
          "format": "time_series",
          "rawSql": "SELECT timestamp AS \"time\", sensor_name AS metric, value FROM telemetry WHERE vessel_id = '$vessel' AND sensor_name IN ('dg1_power_mw','dg2_power_mw','dg3_power_mw','dg4_power_mw','dg5_power_mw') AND $__timeFilter(timestamp) ORDER BY timestamp",
          "refId": "A"
        }
      ],
      "title": "DG Power Output",
      "type": "timeseries"
    },
    {
      "datasource": {
        "type": "postgres",
        "uid": "timescaledb"
      },
      "fieldConfig": {
        "defaults": {
          "color": {
            "mode": "thresholds"
          },
          "max": 100,
          "min": 0,
          "thresholds": {
            "mode": "absolute",
            "steps": [
              {
                "color": "green",
                "value": null
              },
              {
                "color": "yellow",
                "value": 80
              },
              {
                "color": "red",
                "value": 90
              }
            ]
          },
          "unit": "suffix:%"
        },
        "overrides": []
      },
      "gridPos": {
        "h": 6,
        "w": 8,
        "x": 0,
        "y": 8
      },
      "id": 3,
      "options": {
        "displayMode": "gradient",
        "orientation": "horizontal",
        "reduceOptions": {
          "calcs": [
            "lastNotNull"
          ],
          "fields": "",
          "values": false
        },
        "showUnfilled": true
      },
      "targets": [
        {
          "format": "time_series",
          "rawSql": "SELECT timestamp AS \"time\", sensor_name AS metric, value FROM telemetry WHERE vessel_id = '$vessel' AND sensor_name IN ('dg1_engine_load','dg2_engine_load','dg3_engine_load','dg4_engine_load','dg5_engine_load') AND $__timeFilter(timestamp) ORDER BY timestamp",
          "refId": "A"
        }
      ],
      "title": "DG Engine Load",
      "type": "bargauge"
    },
    {
      "datasource": {
        "type": "postgres",
        "uid": "timescaledb"
      },
      "fieldConfig": {
        "defaults": {
          "color": {
            "mode": "thresholds"
          },
          "thresholds": {
            "mode": "absolute",
            "steps": [
              {
                "color": "green",
                "value": null
              }
            ]
          },
          "unit": "suffix:tons"
        },
        "overrides": [
          {
            "matcher": {
              "id": "byName",
              "options": "hfo_tank_weight"
            },
            "properties": [
              {
                "id": "thresholds",
                "value": {
                  "mode": "absolute",
                  "steps": [
                    {
                      "color": "red",
                      "value": null
                    },
                    {
                      "color": "yellow",
                      "value": 500
                    },
                    {
                      "color": "green",
                      "value": 1500
                    }
                  ]
                }
              }
            ]
          },
          {
            "matcher": {
              "id": "byName",
              "options": "mgo_tank_weight"
            },
            "properties": [
              {
                "id": "thresholds",
                "value": {
                  "mode": "absolute",
                  "steps": [
                    {
                      "color": "red",
                      "value": null
                    },
                    {
                      "color": "yellow",
                      "value": 200
                    },
                    {
                      "color": "green",
                      "value": 600
                    }
                  ]
                }
              }
            ]
          }
        ]
      },
      "gridPos": {
        "h": 6,
        "w": 8,
        "x": 8,
        "y": 8
      },
      "id": 4,
      "options": {
        "colorMode": "value",
        "graphMode": "none",
        "reduceOptions": {
          "calcs": [
            "lastNotNull"
          ],
          "fields": "",
          "values": false
        }
      },
      "targets": [
        {
          "format": "time_series",
          "rawSql": "SELECT timestamp AS \"time\", sensor_name AS metric, value FROM telemetry WHERE vessel_id = '$vessel' AND sensor_name IN ('hfo_tank_weight','mgo_tank_weight') AND $__timeFilter(timestamp) ORDER BY timestamp",
          "refId": "A"
        }
      ],
      "title": "Fuel Tanks",
      "type": "stat"
    },
    {
      "datasource": {
        "type": "postgres",
        "uid": "timescaledb"
      },
      "fieldConfig": {
        "defaults": {
          "color": {
            "mode": "palette-classic"
          },
          "custom": {
            "fillOpacity": 10,
            "lineWidth": 2
          },
          "thresholds": {
            "mode": "absolute",
            "steps": [
              {
                "color": "green",
                "value": null
              },
              {
                "color": "yellow",
                "value": 300
              },
              {
                "color": "red",
                "value": 400
              }
            ]
          },
          "unit": "suffix:ppm"
        },
        "overrides": []
      },
      "gridPos": {
        "h": 6,
        "w": 8,
        "x": 16,
        "y": 8
      },
      "id": 5,
      "options": {
        "legend": {
          "displayMode": "list",
          "placement": "bottom"
        },
        "tooltip": {
          "mode": "multi"
        }
      },
      "targets": [
        {
          "format": "time_series",
          "rawSql": "SELECT timestamp AS \"time\", sensor_name AS metric, value FROM telemetry WHERE vessel_id = '$vessel' AND sensor_name IN ('scrubber_fwd_so2','scrubber_aft_so2') AND $__timeFilter(timestamp) ORDER BY timestamp",
          "refId": "A"
        }
      ],
      "title": "Scrubber SO2 Emissions",
      "type": "timeseries"
    },
    {
      "datasource": {
        "type": "postgres",
        "uid": "timescaledb"
      },
      "fieldConfig": {
        "defaults": {
          "color": {
            "mode": "palette-classic"
          },
          "custom": {
            "fillOpacity": 10,
            "lineWidth": 2
          },
          "unit": "short"
        },
        "overrides": [
          {
            "matcher": {
              "id": "byName",
              "options": "vessel_speed"
            },
            "properties": [
              {
                "id": "unit",
                "value": "suffix:knots"
              }
            ]
          },
          {
            "matcher": {
              "id": "byName",
              "options": "water_depth"
            },
            "properties": [
              {
                "id": "unit",
                "value": "suffix:m"
              }
            ]
          },
          {
            "matcher": {
              "id": "byName",
              "options": "water_depth"
            },
            "properties": [
              {
                "id": "thresholds",
                "value": {
                  "mode": "absolute",
                  "steps": [
                    {
                      "color": "red",
                      "value": null
                    },
                    {
                      "color": "yellow",
                      "value": 15
                    },
                    {
                      "color": "green",
                      "value": 30
                    }
                  ]
                }
              },
              {
                "id": "custom.thresholdsStyle",
                "value": {
                  "mode": "line"
                }
              }
            ]
          }
        ]
      },
      "gridPos": {
        "h": 6,
        "w": 8,
        "x": 0,
        "y": 14
      },
      "id": 6,
      "options": {
        "legend": {
          "displayMode": "list",
          "placement": "bottom"
        },
        "tooltip": {
          "mode": "multi"
        }
      },
      "targets": [
        {
          "format": "time_series",
          "rawSql": "SELECT timestamp AS \"time\", sensor_name AS metric, value FROM telemetry WHERE vessel_id = '$vessel' AND sensor_name IN ('vessel_speed','water_depth') AND $__timeFilter(timestamp) ORDER BY timestamp",
          "refId": "A"
        }
      ],
      "title": "Speed and Depth",
      "type": "timeseries"
    },
    {
      "datasource": {
        "type": "postgres",
        "uid": "timescaledb"
      },
      "fieldConfig": {
        "defaults": {
          "custom": {
            "displayMode": "auto"
          }
        },
        "overrides": [
          {
            "matcher": {
              "id": "byName",
              "options": "severity"
            },
            "properties": [
              {
                "id": "mappings",
                "value": [
                  {
                    "options": {
                      "critical": {
                        "color": "red",
                        "text": "critical"
                      },
                      "info": {
                        "color": "green",
                        "text": "info"
                      },
                      "warning": {
                        "color": "orange",
                        "text": "warning"
                      }
                    },
                    "type": "value"
                  }
                ]
              },
              {
                "id": "custom.displayMode",
                "value": "color-background"
              }
            ]
          },
          {
            "matcher": {
              "id": "byName",
              "options": "id"
            },
            "properties": [
              {
                "id": "links",
                "value": [
                  {
                    "title": "Analyze",
                    "url": "http://localhost:8000/api/v1/analyze/${__value.raw}",
                    "targetBlank": true
                  },
                  {
                    "title": "Acknowledge",
                    "url": "http://localhost:8000/api/v1/events/${__value.raw}/acknowledge?operator=grafana",
                    "targetBlank": true
                  }
                ]
              }
            ]
          }
        ]
      },
      "gridPos": {
        "h": 6,
        "w": 8,
        "x": 8,
        "y": 14
      },
      "id": 7,
      "options": {
        "showHeader": true
      },
      "targets": [
        {
          "format": "table",
          "rawSql": "SELECT id, timestamp, vessel_id, sensor_name, event_type, severity, details FROM events WHERE vessel_id = '$vessel' AND acknowledged = FALSE ORDER BY timestamp DESC LIMIT 10",
          "refId": "A"
        }
      ],
      "title": "Active Alarms",
      "type": "table"
    },
    {
      "datasource": {
        "type": "postgres",
        "uid": "timescaledb"
      },
      "fieldConfig": {
        "defaults": {
          "custom": {
            "displayMode": "auto"
          }
        },
        "overrides": [
          {
            "matcher": {
              "id": "byName",
              "options": "analysis_text"
            },
            "properties": [
              {
                "id": "custom.width",
                "value": 500
              }
            ]
          }
        ]
      },
      "gridPos": {
        "h": 6,
        "w": 8,
        "x": 16,
        "y": 14
      },
      "id": 8,
      "options": {
        "showHeader": true
      },
      "targets": [
        {
          "format": "table",
          "rawSql": "SELECT a.id, a.timestamp, a.event_id, e.sensor_name, e.event_type, e.severity, a.status, a.confidence, a.model_used, a.analysis_text, a.suggested_actions FROM ai_analyses a JOIN events e ON a.event_id = e.id WHERE e.vessel_id = '$vessel' ORDER BY a.timestamp DESC LIMIT 10",
          "refId": "A"
        }
      ],
      "title": "Latest AI Analyses",
      "type": "table"
    },
    {
      "collapsed": true,
      "gridPos": {
        "h": 1,
        "w": 24,
        "x": 0,
        "y": 20
      },
      "id": 200,
      "panels": [
        {
          "datasource": {
            "type": "postgres",
            "uid": "timescaledb"
          },
          "fieldConfig": {
            "defaults": {
              "color": {
                "mode": "palette-classic"
              },
              "custom": {
                "fillOpacity": 10,
                "lineWidth": 2
              },
              "unit": "short"
            },
            "overrides": [
              {
                "matcher": {
                  "id": "byRegexp",
                  "options": ".*fuel_rack_pos"
                },
                "properties": [
                  {
                    "id": "unit",
                    "value": "suffix:mm"
                  }
                ]
              },
              {
                "matcher": {
                  "id": "byRegexp",
                  "options": ".*charge_air_temp"
                },
                "properties": [
                  {
                    "id": "unit",
                    "value": "celsius"
                  }
                ]
              }
            ]
          },
          "gridPos": {
            "h": 7,
            "w": 12,
            "x": 0,
            "y": 0
          },
          "id": 201,
          "options": {
            "legend": {
              "displayMode": "list",
              "placement": "bottom"
            },
            "tooltip": {
              "mode": "multi"
            }
          },
          "targets": [
            {
              "format": "time_series",
              "rawSql": "SELECT timestamp AS \"time\", sensor_name AS metric, value FROM telemetry WHERE vessel_id = '$vessel' AND sensor_name IN ('dg1_fuel_rack_pos','dg2_fuel_rack_pos','dg3_fuel_rack_pos','dg4_fuel_rack_pos','dg5_fuel_rack_pos','dg1_charge_air_temp','dg2_charge_air_temp','dg3_charge_air_temp','dg4_charge_air_temp','dg5_charge_air_temp') AND $__timeFilter(timestamp) ORDER BY timestamp",
              "refId": "A"
            }
          ],
          "title": "Engine Details: Fuel Rack and Charge Air",
          "type": "timeseries"
        },
        {
          "datasource": {
            "type": "postgres",
            "uid": "timescaledb"
          },
          "fieldConfig": {
            "defaults": {
              "color": {
                "mode": "palette-classic"
              },
              "custom": {
                "fillOpacity": 10,
                "lineWidth": 2
              },
              "unit": "short"
            },
            "overrides": [
              {
                "matcher": {
                  "id": "byRegexp",
                  "options": ".*tc_speed"
                },
                "properties": [
                  {
                    "id": "unit",
                    "value": "suffix:rpm"
                  }
                ]
              },
              {
                "matcher": {
                  "id": "byRegexp",
                  "options": ".*cw_in_flow"
                },
                "properties": [
                  {
                    "id": "unit",
                    "value": "suffix:m3/h"
                  }
                ]
              }
            ]
          },
          "gridPos": {
            "h": 7,
            "w": 12,
            "x": 12,
            "y": 0
          },
          "id": 202,
          "options": {
            "legend": {
              "displayMode": "list",
              "placement": "bottom"
            },
            "tooltip": {
              "mode": "multi"
            }
          },
          "targets": [
            {
              "format": "time_series",
              "rawSql": "SELECT timestamp AS \"time\", sensor_name AS metric, value FROM telemetry WHERE vessel_id = '$vessel' AND sensor_name IN ('dg1_tc_speed','dg2_tc_speed','dg3_tc_speed','dg4_tc_speed','dg5_tc_speed','dg1_cw_in_flow','dg2_cw_in_flow','dg3_cw_in_flow','dg4_cw_in_flow','dg5_cw_in_flow') AND $__timeFilter(timestamp) ORDER BY timestamp",
              "refId": "A"
            }
          ],
          "title": "Engine Details: Turbo and Cooling Flow",
          "type": "timeseries"
        }
      ],
      "title": "Detail: Engine",
      "type": "row"
    },
    {
      "collapsed": true,
      "gridPos": {
        "h": 1,
        "w": 24,
        "x": 0,
        "y": 21
      },
      "id": 300,
      "panels": [
        {
          "datasource": {
            "type": "postgres",
            "uid": "timescaledb"
          },
          "fieldConfig": {
            "defaults": {
              "color": {
                "mode": "palette-classic"
              },
              "custom": {
                "fillOpacity": 10,
                "lineWidth": 2
              },
              "unit": "suffix:m3/h"
            },
            "overrides": []
          },
          "gridPos": {
            "h": 7,
            "w": 12,
            "x": 0,
            "y": 0
          },
          "id": 301,
          "options": {
            "legend": {
              "displayMode": "list",
              "placement": "bottom"
            },
            "tooltip": {
              "mode": "multi"
            }
          },
          "targets": [
            {
              "format": "time_series",
              "rawSql": "SELECT timestamp AS \"time\", sensor_name AS metric, value FROM telemetry WHERE vessel_id = '$vessel' AND sensor_name IN ('hfo_booster_a_flow','hfo_booster_b_flow','hfo_booster_c_flow','mgo_booster_a_flow','mgo_booster_b_flow','boiler_fuel_flow_a','boiler_fuel_flow_b') AND $__timeFilter(timestamp) ORDER BY timestamp",
              "refId": "A"
            }
          ],
          "title": "Fuel Quality: Flows",
          "type": "timeseries"
        },
        {
          "datasource": {
            "type": "postgres",
            "uid": "timescaledb"
          },
          "fieldConfig": {
            "defaults": {
              "color": {
                "mode": "palette-classic"
              },
              "custom": {
                "fillOpacity": 10,
                "lineWidth": 2
              },
              "unit": "short"
            },
            "overrides": [
              {
                "matcher": {
                  "id": "byRegexp",
                  "options": ".*temp"
                },
                "properties": [
                  {
                    "id": "unit",
                    "value": "celsius"
                  }
                ]
              },
              {
                "matcher": {
                  "id": "byRegexp",
                  "options": ".*viscosity"
                },
                "properties": [
                  {
                    "id": "unit",
                    "value": "suffix:cSt"
                  }
                ]
              },
              {
                "matcher": {
                  "id": "byRegexp",
                  "options": ".*density"
                },
                "properties": [
                  {
                    "id": "unit",
                    "value": "suffix:kg/m3"
                  }
                ]
              }
            ]
          },
          "gridPos": {
            "h": 7,
            "w": 12,
            "x": 12,
            "y": 0
          },
          "id": 302,
          "options": {
            "legend": {
              "displayMode": "list",
              "placement": "bottom"
            },
            "tooltip": {
              "mode": "multi"
            }
          },
          "targets": [
            {
              "format": "time_series",
              "rawSql": "SELECT timestamp AS \"time\", sensor_name AS metric, value FROM telemetry WHERE vessel_id = '$vessel' AND sensor_name IN ('hfo_fuel_temp','hfo_fuel_temp_b','hfo_fuel_temp_c','hfo_fuel_viscosity','hfo_fuel_viscosity_b','hfo_fuel_viscosity_c','hfo_density','hfo_density_b','mgo_density_a','mgo_density_b') AND $__timeFilter(timestamp) ORDER BY timestamp",
              "refId": "A"
            }
          ],
          "title": "Fuel Quality: Temperature, Viscosity, Density",
          "type": "timeseries"
        }
      ],
      "title": "Detail: Fuel Quality",
      "type": "row"
    },
    {
      "collapsed": true,
      "gridPos": {
        "h": 1,
        "w": 24,
        "x": 0,
        "y": 22
      },
      "id": 400,
      "panels": [
        {
          "datasource": {
            "type": "postgres",
            "uid": "timescaledb"
          },
          "fieldConfig": {
            "defaults": {
              "color": {
                "mode": "palette-classic"
              },
              "custom": {
                "fillOpacity": 10,
                "lineWidth": 2
              },
              "unit": "short"
            },
            "overrides": [
              {
                "matcher": {
                  "id": "byRegexp",
                  "options": ".*so2"
                },
                "properties": [
                  {
                    "id": "unit",
                    "value": "suffix:ppm"
                  }
                ]
              },
              {
                "matcher": {
                  "id": "byRegexp",
                  "options": ".*co2"
                },
                "properties": [
                  {
                    "id": "unit",
                    "value": "percent"
                  }
                ]
              },
              {
                "matcher": {
                  "id": "byRegexp",
                  "options": ".*_ph"
                },
                "properties": [
                  {
                    "id": "unit",
                    "value": "suffix:pH"
                  }
                ]
              },
              {
                "matcher": {
                  "id": "byRegexp",
                  "options": ".*sulphur"
                },
                "properties": [
                  {
                    "id": "unit",
                    "value": "percent"
                  }
                ]
              }
            ]
          },
          "gridPos": {
            "h": 7,
            "w": 12,
            "x": 0,
            "y": 0
          },
          "id": 401,
          "options": {
            "legend": {
              "displayMode": "list",
              "placement": "bottom"
            },
            "tooltip": {
              "mode": "multi"
            }
          },
          "targets": [
            {
              "format": "time_series",
              "rawSql": "SELECT timestamp AS \"time\", sensor_name AS metric, value FROM telemetry WHERE vessel_id = '$vessel' AND sensor_name IN ('scrubber_fwd_so2','scrubber_aft_so2','scrubber_fwd_co2','scrubber_aft_co2','scrubber_fwd_ph','scrubber_aft_ph','scrubber_fwd_sulphur','scrubber_aft_sulphur') AND $__timeFilter(timestamp) ORDER BY timestamp",
              "refId": "A"
            }
          ],
          "title": "Scrubbers: Chemistry and Emissions",
          "type": "timeseries"
        },
        {
          "datasource": {
            "type": "postgres",
            "uid": "timescaledb"
          },
          "fieldConfig": {
            "defaults": {
              "color": {
                "mode": "palette-classic"
              },
              "custom": {
                "fillOpacity": 10,
                "lineWidth": 2
              },
              "unit": "short"
            },
            "overrides": [
              {
                "matcher": {
                  "id": "byRegexp",
                  "options": ".*power"
                },
                "properties": [
                  {
                    "id": "unit",
                    "value": "watt"
                  }
                ]
              },
              {
                "matcher": {
                  "id": "byRegexp",
                  "options": ".*pah"
                },
                "properties": [
                  {
                    "id": "unit",
                    "value": "suffix:ug/l"
                  }
                ]
              }
            ]
          },
          "gridPos": {
            "h": 7,
            "w": 12,
            "x": 12,
            "y": 0
          },
          "id": 402,
          "options": {
            "legend": {
              "displayMode": "list",
              "placement": "bottom"
            },
            "tooltip": {
              "mode": "multi"
            }
          },
          "targets": [
            {
              "format": "time_series",
              "rawSql": "SELECT timestamp AS \"time\", sensor_name AS metric, value FROM telemetry WHERE vessel_id = '$vessel' AND sensor_name IN ('scrubber_fwd_power','scrubber_aft_power','scrubber_fwd_pah','scrubber_aft_pah') AND $__timeFilter(timestamp) ORDER BY timestamp",
              "refId": "A"
            }
          ],
          "title": "Scrubbers: Power and PAH",
          "type": "timeseries"
        }
      ],
      "title": "Detail: Scrubbers",
      "type": "row"
    },
    {
      "collapsed": true,
      "gridPos": {
        "h": 1,
        "w": 24,
        "x": 0,
        "y": 23
      },
      "id": 500,
      "panels": [
        {
          "datasource": {
            "type": "postgres",
            "uid": "timescaledb"
          },
          "fieldConfig": {
            "defaults": {
              "color": {
                "mode": "palette-classic"
              },
              "custom": {
                "fillOpacity": 10,
                "lineWidth": 2
              },
              "unit": "short"
            },
            "overrides": [
              {
                "matcher": {
                  "id": "byRegexp",
                  "options": ".*lo_flow"
                },
                "properties": [
                  {
                    "id": "unit",
                    "value": "suffix:L/min"
                  }
                ]
              },
              {
                "matcher": {
                  "id": "byRegexp",
                  "options": "emdg_speed"
                },
                "properties": [
                  {
                    "id": "unit",
                    "value": "suffix:rpm"
                  }
                ]
              }
            ]
          },
          "gridPos": {
            "h": 7,
            "w": 24,
            "x": 0,
            "y": 0
          },
          "id": 501,
          "options": {
            "legend": {
              "displayMode": "list",
              "placement": "bottom"
            },
            "tooltip": {
              "mode": "multi"
            }
          },
          "targets": [
            {
              "format": "time_series",
              "rawSql": "SELECT timestamp AS \"time\", sensor_name AS metric, value FROM telemetry WHERE vessel_id = '$vessel' AND sensor_name IN ('clean_lo_flow','dirty_lo_flow','emdg_speed') AND $__timeFilter(timestamp) ORDER BY timestamp",
              "refId": "A"
            }
          ],
          "title": "Lubrication and Emergency",
          "type": "timeseries"
        }
      ],
      "title": "Detail: Lubrication and Emergency",
      "type": "row"
    }
  ],
  "refresh": "5s",
  "schemaVersion": 39,
  "style": "dark",
  "tags": [
    "maritime",
    "operations",
    "agentic-observability"
  ],
  "templating": {
    "list": [
      {
        "current": {
          "selected": true,
          "text": "vessel_001",
          "value": "vessel_001"
        },
        "datasource": {
          "type": "postgres",
          "uid": "timescaledb"
        },
        "definition": "SELECT DISTINCT vessel_id FROM telemetry ORDER BY vessel_id",
        "description": "Filter panels by vessel id",
        "hide": 0,
        "includeAll": false,
        "label": "Vessel",
        "multi": false,
        "name": "vessel",
        "options": [],
        "query": "SELECT DISTINCT vessel_id FROM telemetry ORDER BY vessel_id",
        "refresh": 2,
        "regex": "",
        "skipUrlSync": false,
        "sort": 1,
        "type": "query"
      }
    ]
  },
  "time": {
    "from": "now-1h",
    "to": "now"
  },
  "timepicker": {},
  "timezone": "browser",
  "title": "Ship Operations",
  "uid": "maritime_ship_ops",
  "version": 2
}
